strain,class,ORF,growth.avg,stderror,role,description
HIS2,Auxotrophic Strain,YFR025C,-0.033761816,0.002015631,AA Biosynthesis,"Histidinolphosphatase; catalyzes the eighth step in histidine biosynthesis; mutations cause histidine auxotrophy and sensitivity to Cu, Co, and Ni salts; transcription is regulated by general amino acid control"
YEA4,Auxotrophic Strain,YEL004W,-0.018140677,5.55E-17,Membrane Transport,Uridine diphosphate-N-acetylglucosamine (UDP-GlcNAc) transporter; required for cell wall chitin synthesis; localized to the ER
IBA57,Auxotrophic Strain,YJR122W,-0.009322292,0.0098262,Unknown,Protein involved in incorporating iron-sulfur clusters into proteins; mitochondrial matrix protein; involved in the incorporation of iron-sulfur clusters into mitochondrial aconitase-type proteins; activates the radical-SAM family members Bio2p and Lip5p; interacts with Ccr4p in the two-hybrid system
"ARG5,6",Auxotrophic Strain,YER069W,-0.007810569,0.012849646,AA Biosynthesis,"Acetylglutamate kinase and N-acetyl-gamma-glutamyl-phosphate reductase; N-acetyl-L-glutamate kinase (NAGK) catalyzes the 2nd and N-acetyl-gamma-glutamyl-phosphate reductase (NAGSA), the 3rd step in arginine biosynthesis; synthesized as a precursor which is processed in the mitochondrion to yield mature NAGK and NAGSA; enzymes form a metabolon complex with Arg2p; NAGK C-terminal domain stabilizes the enzymes, slows catalysis and is involved in feed-back inhibition by arginine"
RPS24B,Auxotrophic Strain,YIL069C,-0.004787128,0.011337928,Structural,"Protein component of the small (40S) ribosomal subunit; homologous to mammalian ribosomal protein S24, no bacterial homolog; RPS24B has a paralog, RPS24A, that arose from the whole genome duplication"
ILV1,Auxotrophic Strain,YER086W,0.003527354,0.0196524,AA Biosynthesis,"Threonine deaminase, catalyzes first step in isoleucine biosynthesis; expression is under general amino acid control; ILV1 locus exhibits highly positioned nucleosomes whose organization is independent of known ILV1 regulation"
MET14,Auxotrophic Strain,YKL001C,0.009175319,0.01540031,,Adenylylsulfate kinase; required for sulfate assimilation and involved in methionine metabolism; human homolog PAPSS2 complements yeast null mutant
ADE1,Auxotrophic Strain,YAR015W,0.010330121,0.015369171,other,N-succinyl-5-aminoimidazole-4-carboxamide ribotide synthetase; required for 'de novo' purine nucleotide biosynthesis; red pigment accumulates in mutant cells deprived of adenine; protein abundance increases in response to DNA replication stress
ARG8,Auxotrophic Strain,YOL140W,0.022675846,0.014109415,AA Biosynthesis,Acetylornithine aminotransferase; catalyzes the fourth step in the biosynthesis of the arginine precursor ornithine
VPH2,Auxotrophic Strain,YKL119C,0.025195385,0.000503908,other,Integral membrane protein required for V-ATPase function; not an actual component of the vacuolar H+-ATPase (V-ATPase) complex; functions in the assembly of the V-ATPase; localized to the endoplasmic reticulum (ER); involved in methionine restriction extension of chronological lifespan in an autophagy-dependent manner
MET7,Auxotrophic Strain,YOR241W,0.037058212,0.009182535,AA Biosynthesis,"Folylpolyglutamate synthetase; catalyzes extension of the glutamate chains of the folate coenzymes, required for methionine synthesis and for maintenance of mitochondrial DNA; protein abundance increases in response to DNA replication stress"
CCS1,Auxotrophic Strain,YMR038C,0.037541123,0.037037216,other,Copper chaperone for superoxide dismutase Sod1p; involved in oxidative stress protection; Met-X-Cys-X2-Cys motif within N-terminus is involved in insertion of copper into Sod1p under conditions of copper deprivation; required for regulation of yeast copper genes in response to DNA-damaging agents; protein abundance increases in response to DNA replication stress; human homolog CCS can complement yeast ccs1 null mutant
ARG3,Auxotrophic Strain,YJL088W,0.041068477,0.011841831,AA Biosynthesis,Ornithine carbamoyltransferase; also known as carbamoylphosphate:L-ornithine carbamoyltransferase; catalyzes the biosynthesis of the arginine precursor citrulline
ORT1,Auxotrophic Strain,YOR130C,0.041572385,0.005291031,AA Biosynthesis,"Ornithine transporter of the mitochondrial inner membrane; exports ornithine from mitochondria as part of arginine biosynthesis; functionally complemented by human ortholog, SLC25A15, which is associated with hyperammonaemia-hyperornithinaemia-homocitrullinuria (HHH) syndrome, but HHH-associated variants fail to complement"
HMF1,Auxotrophic Strain,YER057C,0.045246712,0.013392457,other,"Member of the p14.5 protein family; functionally complements Mmf1p function when targeted to mitochondria; heat shock inducible; high-dosage growth inhibitor; forms a homotrimer in vitro; HMF1 has a paralog, MMF1, that arose from the whole genome duplication"
VMA16,Auxotrophic Strain,YHR026W,0.0458556,0.008062523,other,Subunit c'' of the vacuolar ATPase; v-ATPase functions in acidification of the vacuole; one of three proteolipid subunits of the V0 domain
ADE8,Auxotrophic Strain,YDR408C,0.067019723,0.022675846,other,Phosphoribosyl-glycinamide transformylase; catalyzes a step in the 'de novo' purine nucleotide biosynthetic pathway
FUN12,Auxotrophic Strain,YAL035W,0.07558616,0.043839964,other,Translation initiation factor eIF5B; GTPase that promotes Met-tRNAiMet binding to ribosomes and ribosomal subunit joining; promotes GTP-dependent maturation of 18S rRNA by Nob1p; protein abundance increases in response to DNA replication stress; homolog of bacterial IF2
CDC40,Auxotrophic Strain,YDR364C,0.082388905,0.017384819,other,"Pre-mRNA splicing factor; important for catalytic step II of pre-mRNA splicing and plays a role in cell cycle progression, particularly at the G1/S phase transition; required for DNA synthesis during mitosis and meiosis; has WD repeats; thermosensitivity of the cdc40 null mutant is functionally complemented by a chimeric construct containing the N-terminal 156 amino acids of yeast Cdc40p fused to the C-terminal two thirds (297 amino acids) of human CDC40"
LYS4,Auxotrophic Strain,YDR234W,0.087176037,0.06651581,AA Biosynthesis,"Homoaconitase; catalyzes the conversion of homocitrate to homoisocitrate, which is a step in the lysine biosynthesis pathway"
ARG1,Auxotrophic Strain,YOL058W,0.087679943,0.081633042,AA Biosynthesis,Arginosuccinate synthetase; catalyzes the formation of L-argininosuccinate from citrulline and L-aspartate in the arginine biosynthesis pathway; potential Cdc28p substrate
ARO1,Auxotrophic Strain,YDR127W,0.09952177,0.016880908,AA Biosynthesis,"Pentafunctional arom protein; catalyzes steps 2 through 6 in the biosynthesis of chorismate, which is a precursor to aromatic amino acids"
ISA1,Auxotrophic Strain,YLL027W,0.099773718,0.026203206,other,Protein required for maturation of mitochondrial [4Fe-4S] proteins; functions in a complex with Isa2p and possibly Iba57p; isa1 deletion causes loss of mitochondrial DNA and respiratory deficiency; depletion reduces growth on nonfermentable carbon sources; functional ortholog of bacterial A-type ISC proteins; human ISCA1 can complement isa1 null mutant
ADE6,Auxotrophic Strain,YGR061C,0.103804984,0.057445479,other,Formylglycinamidine-ribonucleotide (FGAM)-synthetase; catalyzes a step in the 'de novo' purine nucleotide biosynthetic pathway
VMA8,Auxotrophic Strain,YEL051W,0.111111647,0.006802754,other,Subunit D of the V1 peripheral membrane domain of V-ATPase; part of the electrogenic proton pump found throughout the endomembrane system; plays a role in the coupling of proton transport and ATP hydrolysis; the V1 peripheral membrane domain of the vacuolar H+-ATPase (V-ATPase) has eight subunits
ERG4,Auxotrophic Strain,YGL012W,0.116402678,0.013605508,other,"C-24(28) sterol reductase; catalyzes the final step in ergosterol biosynthesis; mutants are viable, but lack ergosterol"
MET3,Auxotrophic Strain,YJR010W,0.120181978,0.159486778,AA Biosynthesis,"ATP sulfurylase; catalyzes the primary step of intracellular sulfate activation, essential for assimilatory reduction of sulfate to sulfide, involved in methionine metabolism; human homolog PAPSS2 complements yeast null mutant"
"ORF , Uncharacterized (2)",Auxotrophic Strain,YHL005C,0.125976924,0.089191662,other,Putative protein of unknown function; conserved among S. cerevisiae strains; YHL005C is not an essential gene
LYS5,Auxotrophic Strain,YGL154C,0.126984739,0.143109786,AA Biosynthesis,Phosphopantetheinyl transferase involved in lysine biosynthesis; converts inactive apo-form of Lys2p (alpha-aminoadipate reductase) into catalytically active holo-form by posttranslational addition of phosphopantetheine
"ORF , Dubious (2)",Auxotrophic Strain,YDR008C,0.137062893,0.008566431,other,"Dubious open reading frame; unlikely to encode a functional protein, based on available experimental and comparative sequence data; partially overlaps TRP1/YDR007W on opposite strand"
MET1,Auxotrophic Strain,YKR069W,0.15520357,0.108844062,AA Biosynthesis,"S-adenosyl-L-methionine uroporphyrinogen III transmethylase; involved in the biosynthesis of siroheme, a prosthetic group used by sulfite reductase; required for sulfate assimilation and methionine biosynthesis"
HIS6,Auxotrophic Strain,YIL020C,0.157723109,0.160242647,AA Biosynthesis,"Enzyme that catalyzes the fourth step in the histidine pathway; Phosphoribosylformimino-5-aminoimidazole carboxamide ribotide isomerase; mutations cause histidine auxotrophy and sensitivity to Cu, Co, and Ni salts"
FCY22,Auxotrophic Strain,YER060W-A,0.161250463,0.213152955,other,Putative purine-cytosine permease; very similar to Fcy2p but cannot substitute for its function
TRP4,Auxotrophic Strain,YDR354W,0.164021955,0.030990323,AA Biosynthesis,Anthranilate phosphoribosyl transferase; transferase of the tryptophan biosynthetic pathway; catalyzes the phosphoribosylation of anthranilate; subject to the general control system of amino acid biosynthesis
PRO2,Auxotrophic Strain,YOR323C,0.170320804,0.140086337,AA Biosynthesis,Gamma-glutamyl phosphate reductase; catalyzes the second step in proline biosynthesis
TRP3,Auxotrophic Strain,YKL211C,0.171328617,0.179895047,other,Indole-3-glycerol-phosphate synthase; forms bifunctional hetero-oligomeric anthranilate synthase:indole-3-glycerol phosphate synthase enzyme complex with Trp2p
BAS1,Auxotrophic Strain,YKR099W,0.174100098,0.034517688,AA Biosynthesis,Myb-related transcription factor; involved in regulating basal and induced expression of genes of the purine and histidine biosynthesis pathways; also involved in regulation of meiotic recombination at specific genes
GGC1,Auxotrophic Strain,YDL198C,0.17939114,0.038800893,other,Mitochondrial GTP/GDP transporter; essential for mitochondrial genome maintenance; has a role in mitochondrial iron transport; member of the mitochondrial carrier family
APL2,Auxotrophic Strain,YKL135C,0.180147001,0.044595831,other,Beta-adaptin subunit of the clathrin-associated protein (AP-1) complex; binds clathrin; involved in clathrin-dependent Golgi protein sorting; protein abundance increases in response to DNA replication stress
VMA5,Auxotrophic Strain,YKL080W,0.183422401,0.018644585,other,Subunit C of the V1 peripheral membrane domain of V-ATPase; part of the electrogenic proton pump found throughout the endomembrane system; required for the V1 domain to assemble onto the vacuolar membrane; the V1 peripheral membrane domain of vacuolar H+-ATPase (V-ATPase) has eight subunits
MET18,Auxotrophic Strain,YIL128W,0.188965386,0.017636769,AA Biosynthesis,"Component of cytosolic iron-sulfur protein assembly (CIA) machinery; acts at a late step of Fe-S cluster assembly; forms the CIA targeting complex with Cia1p and Cia2p that directs Fe-S cluster incorporation into a subset of proteins involved in methionine biosynthesis, DNA replication and repair, transcription, and telomere maintenance; ortholog of human MMS19"
VPS65,Auxotrophic Strain,YLR322W,0.192240786,0.064752139,other,"Dubious open reading frame; unlikely to encode a functional protein, based on available experimental and comparative sequence data; not conserved in closely related Saccharomyces species; 75% of ORF overlaps the verified gene SFH1; deletion causes a vacuolar protein sorting defect and blocks anaerobic growth"
MET13,Auxotrophic Strain,YGL125W,0.192744694,0.001259769,AA Biosynthesis,"Major isozyme of methylenetetrahydrofolate reductase; catalyzes the reduction of 5,10-methylenetetrahydrofolate to 5-methyltetrahydrofolate in the methionine biosynthesis pathway"
RSC2,Auxotrophic Strain,YLR357W,0.194760327,0.100529588,other,"Component of the RSC chromatin remodeling complex; required for expression of mid-late sporulation-specific genes; involved in telomere maintenance; RSC2 has a paralog, RSC1, that arose from the whole genome duplication"
SSQ1,Auxotrophic Strain,YLR369W,0.196567821,0.040684747,other,"Mitochondrial hsp70-type molecular chaperone; required for assembly of iron/sulfur clusters into proteins at a step after cluster synthesis, and for maturation of Yfh1p, which is a homolog of human frataxin implicated in Friedreich's ataxia"
IRC10,Auxotrophic Strain,YOL015W,0.200051355,0.030234462,other,Protein of unknown function; subunit of the leading edge protein (LEP) complex (Ssp1-Ady3-Don1-Irc10) that forms a ring-like structure at the leading edge of the prospore membrane during meiosis II; null mutant displays increased levels of spontaneous Rad52p foci
LAG1,Auxotrophic Strain,YHL003C,0.202570894,0.09624637,other,"Ceramide synthase component; involved in synthesis of ceramide from C26(acyl)-coenzyme A and dihydrosphingosine or phytosphingosine, functionally equivalent to Lac1p; forms ER foci upon DNA replication stress; homolog of human CERS2, a tumor metastasis suppressor gene whose silencing enhances invasion/metastasis of prostate cancer cells; LAG1 has a paralog, LAC1, that arose from the whole genome duplication"
PHA2,Auxotrophic Strain,YNL316C,0.207106063,0.198539632,AA Biosynthesis,"Prephenate dehydratase; catalyzes the conversion of prephanate to phenylpyruvate, which is a step in the phenylalanine biosynthesis pathway"
LYS2,Auxotrophic Strain,YBR115C,0.208113878,0.001007815,AA Biosynthesis,"Alpha aminoadipate reductase; catalyzes the reduction of alpha-aminoadipate to alpha-aminoadipate 6-semialdehyde, which is the fifth step in biosynthesis of lysine; activation requires posttranslational phosphopantetheinylation by Lys5p"
ARG4,Auxotrophic Strain,YHR018C,0.211893186,0.071806847,AA Biosynthesis,Argininosuccinate lyase; catalyzes the final step in the arginine biosynthesis pathway
APT1,Auxotrophic Strain,YML022W,0.216428355,0.149408632,other,"Adenine phosphoribosyltransferase; catalyzes the formation of AMP from adenine and 5-phosphoribosylpyrophosphate; involved in the salvage pathway of purine nucleotide biosynthesis; APT1 has a paralog, APT2, that arose from the whole genome duplication"
VMA7,Auxotrophic Strain,YGR020C,0.216932263,0.001259769,other,Subunit F of the V1 peripheral membrane domain of V-ATPase; part of the electrogenic proton pump found throughout the endomembrane system; required for the V1 domain to assemble onto the vacuolar membrane; the V1 peripheral membrane domain of vacuolar H+-ATPase (V-ATPase) has eight subunits
VMA9,Auxotrophic Strain,YCL005W-A,0.219199848,0.057445477,other,Vacuolar H+ ATPase subunit e of the V-ATPase V0 subcomplex; essential for vacuolar acidification; interacts with the V-ATPase assembly factor Vma21p in the ER; involved in V0 biogenesis
LYS1,Auxotrophic Strain,YIR034C,0.220459617,0.076342016,AA Biosynthesis,"Saccharopine dehydrogenase (NAD+, L-lysine-forming); catalyzes the conversion of saccharopine to L-lysine, which is the final step in the lysine biosynthesis pathway; also has mRNA binding activity"
RPL31A,Auxotrophic Strain,YDL075W,0.230537778,0.10657647,other,"Ribosomal 60S subunit protein L31A; associates with karyopherin Sxm1p; loss of both Rpl31p and Rpl39p confers lethality; homologous to mammalian ribosomal protein L31, no bacterial homolog; RPL31A has a paralog, RPL31B, that arose from the whole genome duplication"
HIS4,Auxotrophic Strain,YCL030C,0.232805355,0.253465571,AA Biosynthesis,"Multifunctional enzyme containing phosphoribosyl-ATP pyrophosphatase; phosphoribosyl-AMP cyclohydrolase, and histidinol dehydrogenase activities; catalyzes the second, third, ninth and tenth steps in histidine biosynthesis"
URA1,Auxotrophic Strain,YKL216W,0.235828802,0.095742462,other,"Dihydroorotate dehydrogenase; catalyzes the fourth enzymatic step in the de novo biosynthesis of pyrimidines, converting dihydroorotic acid into orotic acid"
POS5,Auxotrophic Strain,YPL188W,0.241875694,0.024187569,other,Mitochondrial NADH kinase; phosphorylates NADH; also phosphorylates NAD(+) with lower specificity; required for the response to oxidative stress
MET5,Auxotrophic Strain,YJR137C,0.255481195,0.191988839,AA Biosynthesis,"Sulfite reductase beta subunit; involved in amino acid biosynthesis, transcription repressed by methionine"
VMA6,Auxotrophic Strain,YLR447C,0.259260509,0.027966877,other,Subunit d of the V0 integral membrane domain of V-ATPase; part of the electrogenic proton pump found in the endomembrane system; required for V1 domain assembly on the vacuolar membrane; the V0 integral membrane domain of vacuolar H+-ATPase (V-ATPase) has five subunits
ANP1,Auxotrophic Strain,YEL036C,0.267323033,0.043588016,other,"Subunit of the alpha-1,6 mannosyltransferase complex; type II membrane protein; has a role in retention of glycosyltransferases in the Golgi; involved in osmotic sensitivity and resistance to aminonitrophenyl propanediol"
ADO1,Auxotrophic Strain,YJR105W,0.268330848,0.016377,other,Adenosine kinase; required for the utilization of S-adenosylmethionine (AdoMet); may be involved in recycling adenosine produced through the methyl cycle
TRP2,Auxotrophic Strain,YER090W,0.269338663,0.166541493,AA Biosynthesis,"Anthranilate synthase; catalyzes the initial step of tryptophan biosynthesis, forms multifunctional hetero-oligomeric anthranilate synthase:indole-3-glycerol phosphate synthase enzyme complex with Trp3p"
"ADE5,7",Auxotrophic Strain,YGL234W,0.276141417,0.100781539,other,Enzyme of the 'de novo' purine nucleotide biosynthetic pathway; contains aminoimidazole ribotide synthetase and glycinamide ribotide synthetase activities
MET10,Auxotrophic Strain,YFR030W,0.302596567,0.089443612,other,Subunit alpha of assimilatory sulfite reductase; complex converts sulfite into sulfide
LYS9,Auxotrophic Strain,YNR050C,0.308895418,0.122953478,AA Biosynthesis,"Saccharopine dehydrogenase (NADP+, L-glutamate-forming); catalyzes the formation of saccharopine from alpha-aminoadipate 6-semialdehyde, the seventh step in lysine biosynthesis pathway; exhibits genetic and physical interactions with TRM112"
ARO7,Auxotrophic Strain,YPR060C,0.329303679,0.012849646,AA Biosynthesis,Chorismate mutase; catalyzes the conversion of chorismate to prephenate to initiate the tyrosine/phenylalanine-specific branch of aromatic amino acid biosynthesis
OPI3,Auxotrophic Strain,YJR073C,0.331067356,0.07659397,other,Methylene-fatty-acyl-phospholipid synthase; catalyzes the last two steps in phosphatidylcholine biosynthesis; also known as phospholipid methyltransferase
TRP5,Auxotrophic Strain,YGL026C,0.338374018,0.046611462,AA Biosynthesis,Tryptophan synthase; catalyzes the last step of tryptophan biosynthesis; regulated by the general control system of amino acid biosynthesis
ADE2,Auxotrophic Strain,YOR128C,0.352735387,0.151676216,other,Phosphoribosylaminoimidazole carboxylase; catalyzes a step in the 'de novo' purine nucleotide biosynthetic pathway; red pigment accumulates in mutant cells deprived of adenine
URA4,Auxotrophic Strain,YLR420W,0.352987341,0.085916262,other,"Dihydroorotase; catalyzes the third enzymatic step in the de novo biosynthesis of pyrimidines, converting carbamoyl-L-aspartate into dihydroorotate"
CHO2,Auxotrophic Strain,YGR157W,0.364577218,0.123205432,other,Phosphatidylethanolamine methyltransferase (PEMT); catalyzes the first step in the conversion of phosphatidylethanolamine to phosphatidylcholine during the methylation pathway of phosphatidylcholine biosynthesis
RPL27A,Auxotrophic Strain,YHR010W,0.367852618,0.090199478,other,"Ribosomal 60S subunit protein L27A; homologous to mammalian ribosomal protein L27, no bacterial homolog; RPL27A has a paralog, RPL27B, that arose from the whole genome duplication"
YNG2,Auxotrophic Strain,YHR090C,0.375159269,0.098010057,other,"Subunit of NuA4, an essential histone acetyltransferase complex; positions Piccolo NuA4 for efficient acetylation of histone H4 or histone H2A; relocalizes to the cytosol in response to hypoxia; similar to human tumor suppressor ING1 and its isoforms ING4 and ING5"
"ORF , Uncharacterized (1)",Auxotrophic Strain,YBR209W,0.377930755,0.061476722,other,"Dubious open reading frame; unlikely to encode a functional protein, based on available experimental and comparative sequence data; YBR209W is not an essential gene"
CNM67,Auxotrophic Strain,YNL225C,0.378182714,0.028470773,other,"Component of the spindle pole body outer plaque; required for spindle orientation and mitotic nuclear migration; CNM67 has a paralog, ADY3, that arose from the whole genome duplication"
ARO2,Auxotrophic Strain,YGL148W,0.38045031,0.140086339,AA Biosynthesis,"Bifunctional chorismate synthase and flavin reductase; catalyzes the conversion of 5-enolpyruvylshikimate 3-phosphate (EPSP) to form chorismate, which is a precursor to aromatic amino acids; protein abundance increases in response to DNA replication stress"
LYS12,Auxotrophic Strain,YIL094C,0.380702264,0.012849646,AA Biosynthesis,"Homo-isocitrate dehydrogenase; an NAD-linked mitochondrial enzyme required for the fourth step in the biosynthesis of lysine, in which homo-isocitrate is oxidatively decarboxylated to alpha-ketoadipate"
ZWF1,Auxotrophic Strain,YNL241C,0.386245255,0.038045037,other,Glucose-6-phosphate dehydrogenase (G6PD); catalyzes the first step of the pentose phosphate pathway; involved in adapting to oxidative stress; protein abundance increases in response to DNA replication stress; homolog of human G6PD which is deficient in patients with hemolytic anemia; human G6PD can complement yeast zwf1 null mutant
MET28,Auxotrophic Strain,YIR017C,0.395819506,0.209877566,other,bZIP transcriptional activator in the Cbf1p-Met4p-Met28p complex; participates in the regulation of sulfur metabolism
MHF2,Auxotrophic Strain,YDL160C-A,0.404133972,0.019148492,other,"Component of the heterotetrameric MHF histone-fold complex; in humans the MHF complex interacts with both DNA and Mph1p ortholog FANCM to stabilize and remodel blocked replication forks and repair damaged DNA; mhf2 srs2 double mutants are MMS hypersensitive; orthologous to human centromere constitutive-associated network (CCAN) subunit CENP-X, also known as MHF2"
VMA2,Auxotrophic Strain,YBR127C,0.410432818,0.081381093,other,"Subunit B of V1 peripheral membrane domain of vacuolar H+-ATPase; electrogenic proton pump found throughout the endomembrane system; contains nucleotide binding sites; also detected in the cytoplasm; protein abundance increases in response to DNA replication stress; human homolog ATP6V1B1, implicated in autosomal-recessive distal renal tubular acidosis (RTA) with sensorineural deafness, complements yeast null mutant"
SWI3,Auxotrophic Strain,YJL176C,0.416731669,0.008062518,other,"Subunit of the SWI/SNF chromatin remodeling complex; SWI/SNF regulates transcription by remodeling chromosomes; contains SANT domain that is required for SWI/SNF assembly; is essential for displacement of histone H2A-H2B dimers during ATP-dependent remodeling; required for transcription of many genes, including ADH1, ADH2, GAL1, HO, INO1 and SUC2; relocates to the cytosol under hypoxic conditions"
BUD16,Auxotrophic Strain,YEL029C,0.431848895,0.114387047,other,"Putative pyridoxal kinase; a key enzyme involved in pyridoxal 5'-phosphate synthesis, the active form of vitamin B6; required for genome integrity; involved in bud-site selection; similarity to yeast BUD17 and human pyridoxal kinase (PDXK)"
ECM29,Auxotrophic Strain,YHL030W,0.432352803,0.111363601,other,Scaffold protein; assists in association of the proteasome core particle with the regulatory particle; inhibits proteasomal ATPase activity; degraded by the mature proteasome after assembly; contains HEAT-like repeats; protein increases in abundance and relocalizes from nucleus to cytoplasm upon DNA replication stress
PEX35,Auxotrophic Strain,YGR168C,0.441927071,0.009070317,other,Putative protein of unknown function; YGR168C is not an essential gene
DOC1,Auxotrophic Strain,YGL240W,0.445202449,0.032502046,other,"Processivity factor; required for the ubiquitination activity of the anaphase promoting complex (APC), mediates the activity of the APC by contributing to substrate recognition; involved in cyclin proteolysis; contains a conserved DOC1 homology domain"
ARG2,Auxotrophic Strain,YJL071W,0.467878296,0.017888723,AA Biosynthesis,"Acetylglutamate synthase (glutamate N-acetyltransferase); mitochondrial enzyme that catalyzes the first step in the biosynthesis of the arginine precursor ornithine; forms a complex with Arg5,6p"
PRP18,Auxotrophic Strain,YGR006W,0.469893949,0.056185731,other,Splicing factor and component of snRNP U5; factor involved in the positioning of the 3' splice site during the second catalytic step of splicing; interacts with Slu7p
HIS1,Auxotrophic Strain,YER055C,0.471153696,0.085664308,AA Biosynthesis,"ATP phosphoribosyltransferase; a hexameric enzyme, catalyzes the first step in histidine biosynthesis; mutations cause histidine auxotrophy and sensitivity to Cu, Co, and Ni salts; transcription is regulated by general amino acid control"
ZUO1,Auxotrophic Strain,YGR285C,0.476948626,0.091963162,other,Ribosome-associated chaperone; zuotin functions in ribosome biogenesis and as a chaperone for nascent polypeptide chains in partnership with Ssz1p and SSb1/2; contains a DnaJ domain and functions as a J-protein partner for Ssb1p and Ssb2p; human gene DNAJC2 can partially complement yeast zuo1 null mutant
VMA1,Auxotrophic Strain,YDL185W,0.481987711,0.031998139,other,"Subunit A of the V1 peripheral membrane domain of V-ATPase; protein precursor undergoes self-catalyzed splicing to yield the extein Tfp1p and the intein Vde (PI-SceI), which is a site-specific endonuclease; the V1 peripheral membrane domain of the vacuolar H+-ATPase (V-ATPase) has eight subunits; involved in methionine restriction extension of chronological lifespan in an autophagy-dependent manner"
GRX5,Auxotrophic Strain,YPL059W,0.488790458,0.232301454,other,Glutathione-dependent oxidoreductase; mitochondrial matrix protein involved at an early step in the biogenesis of iron-sulfur centers along with Bol1p; hydroperoxide and superoxide-radical responsive; monothiol glutaredoxin subfamily member along with Grx3p and Grx4p
ARV1,Auxotrophic Strain,YLR242C,0.501640111,0.355506879,other,"Cortical ER protein; implicated in the membrane insertion of tail-anchored C-terminal single transmembrane domain proteins; may function in transport of glycosylphosphatidylinositol intermediates into the ER lumen; required for normal intracellular sterol distribution; human ARV1, required for normal cholesterol and bile acid homeostasis, can complement yeast arv1 null mutant; human variant causing early onset epileptic encephalopathy is unable to rescue the yeast null"
VMA3,Auxotrophic Strain,YEL027W,0.50617528,0.134291401,other,Proteolipid subunit c of the V0 domain of vacuolar H(+)-ATPase; dicyclohexylcarbodiimide binding subunit; required for vacuolar acidification and important for copper and iron metal ion homeostasis
GND1,Auxotrophic Strain,YHR183W,0.511970219,0.069035354,other,"6-phosphogluconate dehydrogenase (decarboxylating); catalyzes an NADPH regenerating reaction in the pentose phosphate pathway; required for growth on D-glucono-delta-lactone and adaptation to oxidative stress; GND1 has a paralog, GND2, that arose from the whole genome duplication"
MGS1,Auxotrophic Strain,YNL218W,0.518772973,0.115142908,other,Protein with DNA-dependent ATPase and ssDNA annealing activities; involved in maintenance of genome; interacts functionally with DNA polymerase delta; homolog of human Werner helicase interacting protein (WHIP); forms nuclear foci upon DNA replication stress
MET6,Auxotrophic Strain,YER091C,0.532630424,0.000503919,AA Biosynthesis,"Cobalamin-independent methionine synthase; involved in methionine biosynthesis and regeneration; requires a minimum of two glutamates on the methyltetrahydrofolate substrate, similar to bacterial metE homologs"
RTC2,Auxotrophic Strain,YBR147W,0.537921453,0.078357635,other,"Putative vacuolar membrane transporter for cationic amino acids; likely contributes to amino acid homeostasis by exporting cationic amino acids from the vacuole; positive regulation by Lys14p suggests that lysine may be the primary substrate; member of the PQ-loop family, with seven transmembrane domains; similar to mammalian PQLC2 vacuolar transporter; RTC2 has a paralog, YPQ1, that arose from the whole genome duplication"
CTK1,Auxotrophic Strain,YKL139W,0.551778927,0.054925939,other,"Catalytic (alpha) subunit of C-terminal domain kinase I (CTDK-I); phosphorylates both RNA pol II subunit Rpo21p to affect transcription and pre-mRNA 3' end processing, and ribosomal protein Rps2p to increase translational fidelity; required for H3K36 trimethylation but not dimethylation by Set2p; suggested stimulatory role in 80S formation during translation initiation; similar to the Drosophila dCDK12 and human CDK12 and probably CDK13"
CAX4,Auxotrophic Strain,YGR036C,0.55329065,0.077097877,other,Dolichyl pyrophosphate (Dol-P-P) phosphatase; has a luminally oriented active site in the ER; cleaves the anhydride linkage in Dol-P-P; required for Dol-P-P-linked oligosaccharide intermediate synthesis and protein N-glycosylation
NPL6,Auxotrophic Strain,YMR091C,0.556314096,0.0524064,other,"Component of the RSC chromatin remodeling complex; interacts with Rsc3p, Rsc30p, Ldb7p, and Htl1p to form a module important for a broad range of RSC functions"
GCR1,Auxotrophic Strain,YPL075W,0.58201339,0.224742831,other,Transcriptional activator of genes involved in glycolysis; DNA-binding protein that interacts and functions with the transcriptional activator Gcr2p
HIS7,Auxotrophic Strain,YBR248C,0.588060281,0.317461848,AA Biosynthesis,"Imidazole glycerol phosphate synthase; glutamine amidotransferase:cyclase that catalyzes the fifth step of histidine biosynthesis and also produces 5-aminoimidazole-4-carboxamide ribotide (AICAR), a purine precursor"
VPS16,Auxotrophic Strain,YPL045W,0.589823946,0.048627081,other,Subunit of the HOPS and the CORVET complexes; part of the Class C Vps complex essential for membrane docking and fusion at Golgi-to-endosome and endosome-to-vacuole protein transport stages
URA5,Auxotrophic Strain,YML106W,0.589823958,0.105064755,other,"Major orotate phosphoribosyltransferase (OPRTase) isozyme; catalyzes the fifth enzymatic step in de novo biosynthesis of pyrimidines, converting orotate into orotidine-5'-phosphate; URA5 has a paralog, URA10, that arose from the whole genome duplication"
SPE1,Auxotrophic Strain,YKL184W,0.590327866,0.044091923,other,"Ornithine decarboxylase; catalyzes the first step in polyamine biosynthesis; degraded in a proteasome-dependent manner in the presence of excess polyamines; deletion decreases lifespan, and increases necrotic cell death and ROS generation"
MET16,Auxotrophic Strain,YPR167C,0.59385522,0.332327125,other,"3'-phosphoadenylsulfate reductase; reduces 3'-phosphoadenylyl sulfate to adenosine-3',5'-bisphosphate and free sulfite using reduced thioredoxin as cosubstrate, involved in sulfate assimilation and methionine metabolism"
IRC14,Auxotrophic Strain,YOR135C,0.605193148,0.079617421,other,"Dubious open reading frame; unlikely to encode a functional protein, based on available experimental and comparative sequence data; partially overlaps the verified gene YOR136W; null mutant displays increased levels of spontaneous Rad52 foci"
RTG1,Auxotrophic Strain,YOL067C,0.632656112,0.24162374,other,"Transcription factor (bHLH) involved in interorganelle communication; contributes to communication between mitochondria, peroxisomes, and nucleus; target of Hog1p; activated in stochastic pulses of nuclear localization"
TPD3,Auxotrophic Strain,YAL016W,0.669945282,0.100025678,other,Regulatory subunit A of the heterotrimeric PP2A complex; the heterotrimeric protein phosphatase 2A (PP2A) complex also contains regulatory subunit Cdc55p and either catalytic subunit Pph21p or Pph22p; required for cell morphogenesis and transcription by RNA polymerase III
GCN5,Auxotrophic Strain,YGR252W,0.695896528,0.008062523,other,"Catalytic subunit of ADA and SAGA histone acetyltransferase complexes; modifies N-terminal lysines on histones H2B and H3; acetylates Rsc4p, a subunit of the RSC chromatin-remodeling complex, altering replication stress tolerance; relocalizes to the cytosol in response to hypoxia; mutant displays reduced transcription elongation in the G-less-based run-on (GLRO) assay; greater involvement in repression of RNAPII-dependent transcription than in activation"
SPC72,Auxotrophic Strain,YAL047C,0.707486392,0.124969096,other,"Gamma-tubulin small complex (gamma-TuSC) receptor; recruits the gamma-TuSC complex to the cytoplasmic side of the SPB, connecting nuclear microtubules to the SPB; involved in astral microtubule formation, stabilization, and with Stu2p, anchoring astral MTs at the cytoplasmic face of the SPB, and regulating plus-end MT dynamics; regulated by Cdc5 kinase"
TUP1,Auxotrophic Strain,YCR084C,0.73847673,0.243639369,other,"General repressor of transcription; forms complex with Cyc8p, involved in the establishment of repressive chromatin structure through interactions with histones H3 and H4, appears to enhance expression of some genes"
AAT2,Auxotrophic Strain,YLR027C,0.750318559,0.080625231,other,Cytosolic aspartate aminotransferase involved in nitrogen metabolism; localizes to peroxisomes in oleate-grown cells
CYC8,Auxotrophic Strain,YBR112C,0.852359867,0.176619647,other,General transcriptional co-repressor; acts together with Tup1p; also acts as part of a transcriptional co-activator complex that recruits the SWI/SNF and SAGA complexes to promoters; can form the prion [OCT+]
NGG1,Auxotrophic Strain,YDR176W,0.859414575,0.09297097,other,"Subunit of chromatin modifying histone acetyltransferase complexes; member of the ADA complex, the SAGA complex, and the SLIK complex; transcriptional regulator involved in glucose repression of Gal4p-regulated genes"
RPL42B,Auxotrophic Strain,YHR141C,0.878815002,0.022675827,other,"Ribosomal 60S subunit protein L42B; required for propagation of the killer toxin-encoding M1 double-stranded RNA satellite of the L-A double-stranded RNA virus; homologous to mammalian ribosomal protein L36A, no bacterial homolog; RPL42B has a paralog, RPL42A, that arose from the whole genome duplication"
STB5,Auxotrophic Strain,YHR178W,0.889145129,0.298061402,other,Transcription factor; involved in regulating multidrug resistance and oxidative stress response; forms a heterodimer with Pdr1p; contains a Zn(II)2Cys6 zinc finger domain that interacts with a pleiotropic drug resistance element in vitro
TKL1,Auxotrophic Strain,YPR074C,0.890152934,0.05114662,AA Biosynthesis,"Transketolase; catalyzes conversion of xylulose-5-phosphate and ribose-5-phosphate to sedoheptulose-7-phosphate and glyceraldehyde-3-phosphate in the pentose phosphate pathway; needed for synthesis of aromatic amino acids; TKL1 has a paralog, TKL2, that arose from the whole genome duplication"
DUN1,Auxotrophic Strain,YDL101C,0.932733145,0.209625601,other,"Cell-cycle checkpoint S/T protein kinase; required for transient G2/M arrest after DNA damage, damage-induced transcription, and nuclear-to-cytoplasmic redistribution of Rnr2p-Rnr4p after genotoxic stress and iron deprivation; phosphorylates repair protein Rad55p, transcriptional repressor Sml1p, superoxide dismutase, and ribonucleotide reductase inhibitors Crt1p and Dif1p; functions in the Mec1p pathway to regulate dNTP pools and telomere length; postreplicative repair role"
PRM8,Auxotrophic Strain,YGL053W,0.969266453,0.392796049,other,"Pheromone-regulated protein; contains with 2 predicted transmembrane segments and an FF sequence, a motif involved in COPII binding; forms a complex with Prp9p in the ER; member of DUP240 gene family; PRM8 has a paralog, PRM9, that arose from a segmental duplication"
NRP1,Auxotrophic Strain,YDL167C,0.994713792,0.127992555,other,Putative RNA binding protein of unknown function; localizes to stress granules induced by glucose deprivation; predicted to be involved in ribosome biogenesis
MPC1,Auxotrophic Strain,YGL080W,1.020916992,0.032754,other,"Highly conserved subunit of mitochondrial pyruvate carrier (MPC); MPC is a mitochondrial inner membrane complex that mediates pyruvate uptake and comprises Mpc1p and Mpc2p during fermentative growth, or Mcp1p and Mpc3p during respiratory growth; null mutant displays slow growth that is complemented by expression of human or mouse ortholog; mutation in human ortholog MPC1 is associated with lactic acidosis and hyperpyruvatemia"
VPS54,Auxotrophic Strain,YDR027C,1.037293992,0.236080755,other,"Component of the GARP (Golgi-associated retrograde protein) complex; GARP is required for the recycling of proteins from endosomes to the late Golgi, and for mitosis after DNA damage induced checkpoint arrest; potentially phosphorylated by Cdc28p; members of the GARP complex are Vps51p-Vps52p-Vps53p-Vps54p"
PRO1,Auxotrophic Strain,YDR300C,1.056694438,0.206602155,other,"Gamma-glutamyl kinase; catalyzes the first step in proline biosynthesis; required for nitrogen starvation-induced ribophagy but not for nonselective autophagy; PRO1 has a paralog, YHR033W, that arose from the whole genome duplication"
CTK2,Auxotrophic Strain,YJL006C,1.213913639,0.350215849,other,"Beta subunit of C-terminal domain kinase I (CTDK-I); which phosphorylates both RNA pol II subunit Rpo21p to affect transcription and pre-mRNA 3' end processing, and ribosomal protein Rps2p to increase translational fidelity; relocalizes to the cytosol in response to hypoxia"
CHC1,Auxotrophic Strain,YGL206C,1.239109024,0.14210197,other,Clathrin heavy chain; subunit of the major coat protein involved in intracellular protein transport and endocytosis; the clathrin triskelion is a trimeric molecule composed of three heavy chains that radiate from a vertex and three light chains which bind noncovalently near the vertex of the triskelion; the light chain (CLC1) is thought to regulate function
VPS15,Auxotrophic Strain,YBR097W,1.271107163,0.179643094,other,"Serine/threonine protein kinase involved in vacuolar protein sorting; functions as a membrane-associated complex with Vps34p; active form recruits Vps34p to the Golgi membrane; interacts with the GDP-bound form of Gpa1p; myristoylated; a fraction is localized, with Vps34p, to nuclear pores at nucleus-vacuole junctions and may facilitate transcription elongation for genes positioned at the nuclear periphery"
DIA4,Auxotrophic Strain,YHR011W,1.341906194,0.107332339,other,Probable mitochondrial seryl-tRNA synthetase; mutant displays increased invasive and pseudohyphal growth
PEP3,Auxotrophic Strain,YLR148W,1.443947502,0.049634908,other,"Component of CORVET membrane tethering complex; vacuolar peripheral membrane protein that promotes vesicular docking/fusion reactions in conjunction with SNARE proteins, required for vacuolar biogenesis"
VMA21,Auxotrophic Strain,YGR105W,1.453269795,0.061476739,other,Integral membrane protein required for V-ATPase function; not an actual component of the vacuolar H+-ATPase (V-ATPase) complex; diverged ortholog of human XMEA (X-linked Myopathy with Excessive Autophagy); functions in the assembly of the V-ATPase; localized to the yeast endoplasmic reticulum (ER)
TUF1,Auxotrophic Strain,YOR187W,1.473678082,0.269338689,other,"Mitochondrial translation elongation factor Tu (EF-Tu); involved in fundamental pathway of mtDNA homeostasis; comprises both GTPase and guanine nucleotide exchange factor activities, while these activities are found in separate proteins in S. pombe and humans; rare mutations in human mitochondrial elongation factor Tu (EFTu) associated with severe lactic acidosis, rapidly progressive fatal encephalopathy, severe infantile macrocystic leukodystrophy with micropolygyria"
MEF1,Auxotrophic Strain,YLR069C,1.533391118,0.209121694,other,Mitochondrial elongation factor involved in translational elongation
MRPL6,Auxotrophic Strain,YHR147C,1.579498673,0.113127278,other,Mitochondrial ribosomal protein of the large subunit
RIP1,Auxotrophic Strain,YEL024W,1.584537749,0.110103832,other,"Ubiquinol-cytochrome-c reductase; a Rieske iron-sulfur protein of the mitochondrial cytochrome bc1 complex; transfers electrons from ubiquinol to cytochrome c1 during respiration; during import, Rip1p is first imported into the mitochondrial matrix where it is processed, acquires its Fe-S cluster, and is folded, then is translocated into the inner membrane by the action of a homo-oligomer of Bcs1p, and finally is delivered by Bcs1p to Complex III for assembly"
IES2,Auxotrophic Strain,YNL215W,1.625354273,0.115646816,other,Protein that associates with the INO80 chromatin remodeling complex; associates with the INO80 complex under low-salt conditions; essential for growth under anaerobic conditions; protein abundance increases in response to DNA replication stress
AIM10,Auxotrophic Strain,YER087W,1.874032721,0.095742462,other,Protein with similarity to tRNA synthetases; non-tagged protein is detected in purified mitochondria; null mutant is viable and displays elevated frequency of mitochondrial genome loss
HO,Prototrophic Strain (pos. control),YDL227C,1.92893675,0.067955852,other,"Site-specific endonuclease; required for gene conversion at the MAT locus (homothallic switching) through the generation of a ds DNA break; expression restricted to mother cells in late G1 as controlled by Swi4p-Swi6p, Swi5p, and Ash1p"
BCK1,Auxotrophic Strain,YJL095W,2.172346077,0.289746925,other,MAPKKK acting in the protein kinase C signaling pathway; the kinase C signaling pathway controls cell integrity; upon activation by Pkc1p phosphorylates downstream kinases Mkk1p and Mkk2p; MAPKKK is an acronym for mitogen-activated protein (MAP) kinase kinase kinase
SNF1,Auxotrophic Strain,YDR477W,2.300338631,0.069539262,other,"AMP-activated S/T protein kinase; forms a complex with Snf4p and members of the Sip1p/Sip2p/Gal83p family; required for transcription of glucose-repressed genes, thermotolerance, sporulation, and peroxisome biogenesis; regulates nucleocytoplasmic shuttling of Hxk2p; regulates filamentous growth and acts as a non-canonical GEF, activating Arf3p during invasive growth; SUMOylation by Mms21p inhibits its function and targets Snf1p for destruction via the Slx5-Slx8 Ub ligase"
"ORF , Dubious (1)",Auxotrophic Strain,YFL032W,2.34669815,0.160746565,other,"Dubious open reading frame; unlikely to encode a functional protein, based on available experimental and comparative sequence data; partially overlaps the verified gene HAC1/YFL031W; YFL032W is not an essential gene"
VAM10,Auxotrophic Strain,YOR068C,2.393561555,0.132023816,other,Protein involved in vacuole morphogenesis; acts at an early step of homotypic vacuole fusion that is required for vacuole tethering
RIB1,Auxotrophic Strain,YBL033C,2.395577186,0.033761816,other,GTP cyclohydrolase II; catalyzes the first step of the riboflavin biosynthesis pathway
HIS3,Prototrophic Strain (pos. control),YOR202W,2.399539732,0.084780182,other,"Imidazoleglycerol-phosphate dehydratase; catalyzes the sixth step in histidine biosynthesis; mutations cause histidine auxotrophy and sensitivity to Cu, Co, and Ni salts; transcription is regulated by general amino acid control via Gcn4p"
VPS4,Auxotrophic Strain,YPR173C,2.428835094,0.158730924,other,AAA-ATPase involved in multivesicular body (MVB) protein sorting; ATP-bound Vps4p localizes to endosomes and catalyzes ESCRT-III disassembly and membrane release; ATPase activity is activated by Vta1p; regulates cellular sterol metabolism
NCR1,Auxotrophic Strain,YPL006W,2.433118309,0.276393371,other,"Vacuolar membrane protein; transits through the biosynthetic vacuolar protein sorting pathway, involved in sphingolipid metabolism; cells lacking Ncr1p exhibit high levels of long chain bases (LCB), similar to the accumulation of high amounts of lipids observed in patients with Neimann-Pick C, a disease caused by loss-of-function mutations in NPC1, the functional ortholog of Ncr1p"
BY4741,Prototrophic Strain (pos. control),no.KO,2.480713602,0.141399015,NA,NA
MAE1,Auxotrophic Strain,YKL029C,2.507948602,0.214664678,AA Biosynthesis,"Mitochondrial malic enzyme; catalyzes the oxidative decarboxylation of malate to pyruvate, which is a key intermediate in sugar metabolism and a precursor for synthesis of several amino acids"
RPL40A,Auxotrophic Strain,YIL148W,2.521806064,0.193248601,other,"Ubiquitin-ribosomal 60S subunit protein L40A fusion protein; cleaved to yield ubiquitin and ribosomal protein L40A; ubiquitin may facilitate assembly of the ribosomal protein into ribosomes; homologous to mammalian ribosomal protein L40, no bacterial homolog; RPL40A has a paralog, RPL40B, that arose from the whole genome duplication; relative distribution to the nucleus increases upon DNA replication stress"
PSH1,Auxotrophic Strain,YOL054W,2.544229956,0.077097877,other,"E3 ubiquitin ligase targeting centromere-binding protein Cse4p; mediates polyubiquitination and degradation of histone H3 variant Cse4p, preventing its mislocalization to euchromatin independent of Slx5p; ubiquitination of Cse4p may be antagonized by Scm3p"
ACO1,Auxotrophic Strain,YLR304C,2.550780756,0.059965016,other,Aconitase; required for the tricarboxylic acid (TCA) cycle and also independently required for mitochondrial genome maintenance; component of the mitochondrial nucleoid; mutation leads to glutamate auxotrophy; human homolog ACO2 can complement yeast null mutant
FTH1,Auxotrophic Strain,YBR207W,2.572196855,0.142857853,other,Putative high affinity iron transporter; involved in transport of intravacuolar stores of iron; forms complex with Fet5p; expression is regulated by iron; proposed to play indirect role in endocytosis; protein abundance increases in response to DNA replication stress
RAD18,Auxotrophic Strain,YCR066W,2.66365614,0.125976864,other,E3 ubiquitin ligase; forms heterodimer with Rad6p to monoubiquitinate PCNA-K164; heterodimer binds single-stranded DNA and has single-stranded DNA dependent ATPase activity; required for postreplication repair; SUMO-targeted ubiquitin ligase (STUbl) that contains a SUMO-interacting motif (SIM) which stimulates its ubiquitin ligase activity towards the sumoylated form of PCNA
PSY2,Auxotrophic Strain,YNL201C,2.732943388,0.200807217,other,"Subunit of protein phosphatase PP4 complex; Pph3p and Psy2p form the active complex, Psy4p may provide additional substrate specificity; regulates recovery from the DNA damage checkpoint, the gene conversion- and single-strand annealing-mediated pathways of meiotic double-strand break repair and efficient Non-Homologous End-Joining (NHEJ) pathway; Pph3p and Psy2p localize to foci on meiotic chromosomes; putative homolog of mammalian R3"
MET17,Prototrophic Strain (pos. control),YLR303W,2.753417378,0.120919517,AA Biosynthesis,O-acetyl homoserine-O-acetyl serine sulfhydrylase; required for Methionine and cysteine biosynthesis
SPS19,Auxotrophic Strain,YNL202W,2.775271635,0.144369555,other,"Peroxisomal 2,4-dienoyl-CoA reductase; auxiliary enzyme of fatty acid beta-oxidation; homodimeric enzyme required for growth and sporulation on petroselineate medium; expression induced during late sporulation and in the presence of oleate"
SNX41,Auxotrophic Strain,YDR425W,2.876305085,0.035777489,other,Sorting nexin; involved in the retrieval of late-Golgi SNAREs from the post-Golgi endosome to the trans-Golgi network; interacts with Snx4p
BAT2,Auxotrophic Strain,YJR148W,2.894445805,0.0262032,other,"Cytosolic branched-chain amino acid (BCAA) aminotransferase; preferentially involved in BCAA catabolism; homolog of murine ECA39; highly expressed during stationary phase and repressed during logarithmic phase; BAT2 has a paralog, BAT1, that arose from the whole genome duplication"
GLG1,Auxotrophic Strain,YKR058W,3.135565637,0.115142908,other,"Glycogenin glucosyltransferase; self-glucosylating initiator of glycogen synthesis, also glucosylates n-dodecyl-beta-D-maltoside; SWAT-GFP and mCherry fusion proteins localize to the cell periphery and vacuole respectively; similar to mammalian glycogenin; GLG1 has a paralog, GLG2, that arose from the whole genome duplication"